Month,Day,Interval,Calls_Offered_A,Abandoned_Calls_A,Abandoned_Rate_A,CCT_A,Calls_Offered_B,Abandoned_Calls_B,Abandoned_Rate_B,CCT_B,Calls_Offered_C,Abandoned_Calls_C,Abandoned_Rate_C,CCT_C,Calls_Offered_D,Abandoned_Calls_D,Abandoned_Rate_D,CCT_D
August,1,0:00,,,,,,,,,,,,,,,,
August,1,0:30,,,,,,,,,,,,,,,,
August,1,1:00,,,,,,,,,,,,,,,,
August,1,1:30,,,,,,,,,,,,,,,,
August,1,2:00,,,,,,,,,,,,,,,,
August,1,2:30,,,,,,,,,,,,,,,,
August,1,3:00,,,,,,,,,,,,,,,,
August,1,3:30,,,,,,,,,,,,,,,,
August,1,4:00,,,,,,,,,,,,,,,,
August,1,4:30,,,,,,,,,,,,,,,,
August,1,5:00,,,,,,,,,,,,,,,,
August,1,5:30,,,,,,,,,,,,,,,,
August,1,6:00,,,,,,,,,,,,,,,,
August,1,6:30,,,,,,,,,,,,,,,,
August,1,7:00,,,,,,,,,,,,,,,,
August,1,7:30,,,,,,,,,,,,,,,,
August,1,8:00,,,,,,,,,,,,,,,,
August,1,8:30,,,,,,,,,,,,,,,,
August,1,9:00,,,,,,,,,,,,,,,,
August,1,9:30,,,,,,,,,,,,,,,,
August,1,10:00,,,,,,,,,,,,,,,,
August,1,10:30,,,,,,,,,,,,,,,,
August,1,11:00,,,,,,,,,,,,,,,,
August,1,11:30,,,,,,,,,,,,,,,,
August,1,12:00,,,,,,,,,,,,,,,,
August,1,12:30,,,,,,,,,,,,,,,,
August,1,13:00,,,,,,,,,,,,,,,,
August,1,13:30,,,,,,,,,,,,,,,,
August,1,14:00,,,,,,,,,,,,,,,,
August,1,14:30,,,,,,,,,,,,,,,,
August,1,15:00,,,,,,,,,,,,,,,,
August,1,15:30,,,,,,,,,,,,,,,,
August,1,16:00,,,,,,,,,,,,,,,,
August,1,16:30,,,,,,,,,,,,,,,,
August,1,17:00,,,,,,,,,,,,,,,,
August,1,17:30,,,,,,,,,,,,,,,,
August,1,18:00,,,,,,,,,,,,,,,,
August,1,18:30,,,,,,,,,,,,,,,,
August,1,19:00,,,,,,,,,,,,,,,,
August,1,19:30,,,,,,,,,,,,,,,,
August,1,20:00,,,,,,,,,,,,,,,,
August,1,20:30,,,,,,,,,,,,,,,,
August,1,21:00,,,,,,,,,,,,,,,,
August,1,21:30,,,,,,,,,,,,,,,,
August,1,22:00,,,,,,,,,,,,,,,,
August,1,22:30,,,,,,,,,,,,,,,,
August,1,23:00,,,,,,,,,,,,,,,,
August,1,23:30,,,,,,,,,,,,,,,,
August,2,0:00,,,,,,,,,,,,,,,,
August,2,0:30,,,,,,,,,,,,,,,,
August,2,1:00,,,,,,,,,,,,,,,,
August,2,1:30,,,,,,,,,,,,,,,,
August,2,2:00,,,,,,,,,,,,,,,,
August,2,2:30,,,,,,,,,,,,,,,,
August,2,3:00,,,,,,,,,,,,,,,,
August,2,3:30,,,,,,,,,,,,,,,,
August,2,4:00,,,,,,,,,,,,,,,,
August,2,4:30,,,,,,,,,,,,,,,,
August,2,5:00,,,,,,,,,,,,,,,,
August,2,5:30,,,,,,,,,,,,,,,,
August,2,6:00,,,,,,,,,,,,,,,,
August,2,6:30,,,,,,,,,,,,,,,,
August,2,7:00,,,,,,,,,,,,,,,,
August,2,7:30,,,,,,,,,,,,,,,,
August,2,8:00,,,,,,,,,,,,,,,,
August,2,8:30,,,,,,,,,,,,,,,,
August,2,9:00,,,,,,,,,,,,,,,,
August,2,9:30,,,,,,,,,,,,,,,,
August,2,10:00,,,,,,,,,,,,,,,,
August,2,10:30,,,,,,,,,,,,,,,,
August,2,11:00,,,,,,,,,,,,,,,,
August,2,11:30,,,,,,,,,,,,,,,,
August,2,12:00,,,,,,,,,,,,,,,,
August,2,12:30,,,,,,,,,,,,,,,,
August,2,13:00,,,,,,,,,,,,,,,,
August,2,13:30,,,,,,,,,,,,,,,,
August,2,14:00,,,,,,,,,,,,,,,,
August,2,14:30,,,,,,,,,,,,,,,,
August,2,15:00,,,,,,,,,,,,,,,,
August,2,15:30,,,,,,,,,,,,,,,,
August,2,16:00,,,,,,,,,,,,,,,,
August,2,16:30,,,,,,,,,,,,,,,,
August,2,17:00,,,,,,,,,,,,,,,,
August,2,17:30,,,,,,,,,,,,,,,,
August,2,18:00,,,,,,,,,,,,,,,,
August,2,18:30,,,,,,,,,,,,,,,,
August,2,19:00,,,,,,,,,,,,,,,,
August,2,19:30,,,,,,,,,,,,,,,,
August,2,20:00,,,,,,,,,,,,,,,,
August,2,20:30,,,,,,,,,,,,,,,,
August,2,21:00,,,,,,,,,,,,,,,,
August,2,21:30,,,,,,,,,,,,,,,,
August,2,22:00,,,,,,,,,,,,,,,,
August,2,22:30,,,,,,,,,,,,,,,,
August,2,23:00,,,,,,,,,,,,,,,,
August,2,23:30,,,,,,,,,,,,,,,,
August,3,0:00,,,,,,,,,,,,,,,,
August,3,0:30,,,,,,,,,,,,,,,,
August,3,1:00,,,,,,,,,,,,,,,,
August,3,1:30,,,,,,,,,,,,,,,,
August,3,2:00,,,,,,,,,,,,,,,,
August,3,2:30,,,,,,,,,,,,,,,,
August,3,3:00,,,,,,,,,,,,,,,,
August,3,3:30,,,,,,,,,,,,,,,,
August,3,4:00,,,,,,,,,,,,,,,,
August,3,4:30,,,,,,,,,,,,,,,,
August,3,5:00,,,,,,,,,,,,,,,,
August,3,5:30,,,,,,,,,,,,,,,,
August,3,6:00,,,,,,,,,,,,,,,,
August,3,6:30,,,,,,,,,,,,,,,,
August,3,7:00,,,,,,,,,,,,,,,,
August,3,7:30,,,,,,,,,,,,,,,,
August,3,8:00,,,,,,,,,,,,,,,,
August,3,8:30,,,,,,,,,,,,,,,,
August,3,9:00,,,,,,,,,,,,,,,,
August,3,9:30,,,,,,,,,,,,,,,,
August,3,10:00,,,,,,,,,,,,,,,,
August,3,10:30,,,,,,,,,,,,,,,,
August,3,11:00,,,,,,,,,,,,,,,,
August,3,11:30,,,,,,,,,,,,,,,,
August,3,12:00,,,,,,,,,,,,,,,,
August,3,12:30,,,,,,,,,,,,,,,,
August,3,13:00,,,,,,,,,,,,,,,,
August,3,13:30,,,,,,,,,,,,,,,,
August,3,14:00,,,,,,,,,,,,,,,,
August,3,14:30,,,,,,,,,,,,,,,,
August,3,15:00,,,,,,,,,,,,,,,,
August,3,15:30,,,,,,,,,,,,,,,,
August,3,16:00,,,,,,,,,,,,,,,,
August,3,16:30,,,,,,,,,,,,,,,,
August,3,17:00,,,,,,,,,,,,,,,,
August,3,17:30,,,,,,,,,,,,,,,,
August,3,18:00,,,,,,,,,,,,,,,,
August,3,18:30,,,,,,,,,,,,,,,,
August,3,19:00,,,,,,,,,,,,,,,,
August,3,19:30,,,,,,,,,,,,,,,,
August,3,20:00,,,,,,,,,,,,,,,,
August,3,20:30,,,,,,,,,,,,,,,,
August,3,21:00,,,,,,,,,,,,,,,,
August,3,21:30,,,,,,,,,,,,,,,,
August,3,22:00,,,,,,,,,,,,,,,,
August,3,22:30,,,,,,,,,,,,,,,,
August,3,23:00,,,,,,,,,,,,,,,,
August,3,23:30,,,,,,,,,,,,,,,,
August,4,0:00,,,,,,,,,,,,,,,,
August,4,0:30,,,,,,,,,,,,,,,,
August,4,1:00,,,,,,,,,,,,,,,,
August,4,1:30,,,,,,,,,,,,,,,,
August,4,2:00,,,,,,,,,,,,,,,,
August,4,2:30,,,,,,,,,,,,,,,,
August,4,3:00,,,,,,,,,,,,,,,,
August,4,3:30,,,,,,,,,,,,,,,,
August,4,4:00,,,,,,,,,,,,,,,,
August,4,4:30,,,,,,,,,,,,,,,,
August,4,5:00,,,,,,,,,,,,,,,,
August,4,5:30,,,,,,,,,,,,,,,,
August,4,6:00,,,,,,,,,,,,,,,,
August,4,6:30,,,,,,,,,,,,,,,,
August,4,7:00,,,,,,,,,,,,,,,,
August,4,7:30,,,,,,,,,,,,,,,,
August,4,8:00,,,,,,,,,,,,,,,,
August,4,8:30,,,,,,,,,,,,,,,,
August,4,9:00,,,,,,,,,,,,,,,,
August,4,9:30,,,,,,,,,,,,,,,,
August,4,10:00,,,,,,,,,,,,,,,,
August,4,10:30,,,,,,,,,,,,,,,,
August,4,11:00,,,,,,,,,,,,,,,,
August,4,11:30,,,,,,,,,,,,,,,,
August,4,12:00,,,,,,,,,,,,,,,,
August,4,12:30,,,,,,,,,,,,,,,,
August,4,13:00,,,,,,,,,,,,,,,,
August,4,13:30,,,,,,,,,,,,,,,,
August,4,14:00,,,,,,,,,,,,,,,,
August,4,14:30,,,,,,,,,,,,,,,,
August,4,15:00,,,,,,,,,,,,,,,,
August,4,15:30,,,,,,,,,,,,,,,,
August,4,16:00,,,,,,,,,,,,,,,,
August,4,16:30,,,,,,,,,,,,,,,,
August,4,17:00,,,,,,,,,,,,,,,,
August,4,17:30,,,,,,,,,,,,,,,,
August,4,18:00,,,,,,,,,,,,,,,,
August,4,18:30,,,,,,,,,,,,,,,,
August,4,19:00,,,,,,,,,,,,,,,,
August,4,19:30,,,,,,,,,,,,,,,,
August,4,20:00,,,,,,,,,,,,,,,,
August,4,20:30,,,,,,,,,,,,,,,,
August,4,21:00,,,,,,,,,,,,,,,,
August,4,21:30,,,,,,,,,,,,,,,,
August,4,22:00,,,,,,,,,,,,,,,,
August,4,22:30,,,,,,,,,,,,,,,,
August,4,23:00,,,,,,,,,,,,,,,,
August,4,23:30,,,,,,,,,,,,,,,,
August,5,0:00,,,,,,,,,,,,,,,,
August,5,0:30,,,,,,,,,,,,,,,,
August,5,1:00,,,,,,,,,,,,,,,,
August,5,1:30,,,,,,,,,,,,,,,,
August,5,2:00,,,,,,,,,,,,,,,,
August,5,2:30,,,,,,,,,,,,,,,,
August,5,3:00,,,,,,,,,,,,,,,,
August,5,3:30,,,,,,,,,,,,,,,,
August,5,4:00,,,,,,,,,,,,,,,,
August,5,4:30,,,,,,,,,,,,,,,,
August,5,5:00,,,,,,,,,,,,,,,,
August,5,5:30,,,,,,,,,,,,,,,,
August,5,6:00,,,,,,,,,,,,,,,,
August,5,6:30,,,,,,,,,,,,,,,,
August,5,7:00,,,,,,,,,,,,,,,,
August,5,7:30,,,,,,,,,,,,,,,,
August,5,8:00,,,,,,,,,,,,,,,,
August,5,8:30,,,,,,,,,,,,,,,,
August,5,9:00,,,,,,,,,,,,,,,,
August,5,9:30,,,,,,,,,,,,,,,,
August,5,10:00,,,,,,,,,,,,,,,,
August,5,10:30,,,,,,,,,,,,,,,,
August,5,11:00,,,,,,,,,,,,,,,,
August,5,11:30,,,,,,,,,,,,,,,,
August,5,12:00,,,,,,,,,,,,,,,,
August,5,12:30,,,,,,,,,,,,,,,,
August,5,13:00,,,,,,,,,,,,,,,,
August,5,13:30,,,,,,,,,,,,,,,,
August,5,14:00,,,,,,,,,,,,,,,,
August,5,14:30,,,,,,,,,,,,,,,,
August,5,15:00,,,,,,,,,,,,,,,,
August,5,15:30,,,,,,,,,,,,,,,,
August,5,16:00,,,,,,,,,,,,,,,,
August,5,16:30,,,,,,,,,,,,,,,,
August,5,17:00,,,,,,,,,,,,,,,,
August,5,17:30,,,,,,,,,,,,,,,,
August,5,18:00,,,,,,,,,,,,,,,,
August,5,18:30,,,,,,,,,,,,,,,,
August,5,19:00,,,,,,,,,,,,,,,,
August,5,19:30,,,,,,,,,,,,,,,,
August,5,20:00,,,,,,,,,,,,,,,,
August,5,20:30,,,,,,,,,,,,,,,,
August,5,21:00,,,,,,,,,,,,,,,,
August,5,21:30,,,,,,,,,,,,,,,,
August,5,22:00,,,,,,,,,,,,,,,,
August,5,22:30,,,,,,,,,,,,,,,,
August,5,23:00,,,,,,,,,,,,,,,,
August,5,23:30,,,,,,,,,,,,,,,,
August,6,0:00,,,,,,,,,,,,,,,,
August,6,0:30,,,,,,,,,,,,,,,,
August,6,1:00,,,,,,,,,,,,,,,,
August,6,1:30,,,,,,,,,,,,,,,,
August,6,2:00,,,,,,,,,,,,,,,,
August,6,2:30,,,,,,,,,,,,,,,,
August,6,3:00,,,,,,,,,,,,,,,,
August,6,3:30,,,,,,,,,,,,,,,,
August,6,4:00,,,,,,,,,,,,,,,,
August,6,4:30,,,,,,,,,,,,,,,,
August,6,5:00,,,,,,,,,,,,,,,,
August,6,5:30,,,,,,,,,,,,,,,,
August,6,6:00,,,,,,,,,,,,,,,,
August,6,6:30,,,,,,,,,,,,,,,,
August,6,7:00,,,,,,,,,,,,,,,,
August,6,7:30,,,,,,,,,,,,,,,,
August,6,8:00,,,,,,,,,,,,,,,,
August,6,8:30,,,,,,,,,,,,,,,,
August,6,9:00,,,,,,,,,,,,,,,,
August,6,9:30,,,,,,,,,,,,,,,,
August,6,10:00,,,,,,,,,,,,,,,,
August,6,10:30,,,,,,,,,,,,,,,,
August,6,11:00,,,,,,,,,,,,,,,,
August,6,11:30,,,,,,,,,,,,,,,,
August,6,12:00,,,,,,,,,,,,,,,,
August,6,12:30,,,,,,,,,,,,,,,,
August,6,13:00,,,,,,,,,,,,,,,,
August,6,13:30,,,,,,,,,,,,,,,,
August,6,14:00,,,,,,,,,,,,,,,,
August,6,14:30,,,,,,,,,,,,,,,,
August,6,15:00,,,,,,,,,,,,,,,,
August,6,15:30,,,,,,,,,,,,,,,,
August,6,16:00,,,,,,,,,,,,,,,,
August,6,16:30,,,,,,,,,,,,,,,,
August,6,17:00,,,,,,,,,,,,,,,,
August,6,17:30,,,,,,,,,,,,,,,,
August,6,18:00,,,,,,,,,,,,,,,,
August,6,18:30,,,,,,,,,,,,,,,,
August,6,19:00,,,,,,,,,,,,,,,,
August,6,19:30,,,,,,,,,,,,,,,,
August,6,20:00,,,,,,,,,,,,,,,,
August,6,20:30,,,,,,,,,,,,,,,,
August,6,21:00,,,,,,,,,,,,,,,,
August,6,21:30,,,,,,,,,,,,,,,,
August,6,22:00,,,,,,,,,,,,,,,,
August,6,22:30,,,,,,,,,,,,,,,,
August,6,23:00,,,,,,,,,,,,,,,,
August,6,23:30,,,,,,,,,,,,,,,,
August,7,0:00,,,,,,,,,,,,,,,,
August,7,0:30,,,,,,,,,,,,,,,,
August,7,1:00,,,,,,,,,,,,,,,,
August,7,1:30,,,,,,,,,,,,,,,,
August,7,2:00,,,,,,,,,,,,,,,,
August,7,2:30,,,,,,,,,,,,,,,,
August,7,3:00,,,,,,,,,,,,,,,,
August,7,3:30,,,,,,,,,,,,,,,,
August,7,4:00,,,,,,,,,,,,,,,,
August,7,4:30,,,,,,,,,,,,,,,,
August,7,5:00,,,,,,,,,,,,,,,,
August,7,5:30,,,,,,,,,,,,,,,,
August,7,6:00,,,,,,,,,,,,,,,,
August,7,6:30,,,,,,,,,,,,,,,,
August,7,7:00,,,,,,,,,,,,,,,,
August,7,7:30,,,,,,,,,,,,,,,,
August,7,8:00,,,,,,,,,,,,,,,,
August,7,8:30,,,,,,,,,,,,,,,,
August,7,9:00,,,,,,,,,,,,,,,,
August,7,9:30,,,,,,,,,,,,,,,,
August,7,10:00,,,,,,,,,,,,,,,,
August,7,10:30,,,,,,,,,,,,,,,,
August,7,11:00,,,,,,,,,,,,,,,,
August,7,11:30,,,,,,,,,,,,,,,,
August,7,12:00,,,,,,,,,,,,,,,,
August,7,12:30,,,,,,,,,,,,,,,,
August,7,13:00,,,,,,,,,,,,,,,,
August,7,13:30,,,,,,,,,,,,,,,,
August,7,14:00,,,,,,,,,,,,,,,,
August,7,14:30,,,,,,,,,,,,,,,,
August,7,15:00,,,,,,,,,,,,,,,,
August,7,15:30,,,,,,,,,,,,,,,,
August,7,16:00,,,,,,,,,,,,,,,,
August,7,16:30,,,,,,,,,,,,,,,,
August,7,17:00,,,,,,,,,,,,,,,,
August,7,17:30,,,,,,,,,,,,,,,,
August,7,18:00,,,,,,,,,,,,,,,,
August,7,18:30,,,,,,,,,,,,,,,,
August,7,19:00,,,,,,,,,,,,,,,,
August,7,19:30,,,,,,,,,,,,,,,,
August,7,20:00,,,,,,,,,,,,,,,,
August,7,20:30,,,,,,,,,,,,,,,,
August,7,21:00,,,,,,,,,,,,,,,,
August,7,21:30,,,,,,,,,,,,,,,,
August,7,22:00,,,,,,,,,,,,,,,,
August,7,22:30,,,,,,,,,,,,,,,,
August,7,23:00,,,,,,,,,,,,,,,,
August,7,23:30,,,,,,,,,,,,,,,,
August,8,0:00,,,,,,,,,,,,,,,,
August,8,0:30,,,,,,,,,,,,,,,,
August,8,1:00,,,,,,,,,,,,,,,,
August,8,1:30,,,,,,,,,,,,,,,,
August,8,2:00,,,,,,,,,,,,,,,,
August,8,2:30,,,,,,,,,,,,,,,,
August,8,3:00,,,,,,,,,,,,,,,,
August,8,3:30,,,,,,,,,,,,,,,,
August,8,4:00,,,,,,,,,,,,,,,,
August,8,4:30,,,,,,,,,,,,,,,,
August,8,5:00,,,,,,,,,,,,,,,,
August,8,5:30,,,,,,,,,,,,,,,,
August,8,6:00,,,,,,,,,,,,,,,,
August,8,6:30,,,,,,,,,,,,,,,,
August,8,7:00,,,,,,,,,,,,,,,,
August,8,7:30,,,,,,,,,,,,,,,,
August,8,8:00,,,,,,,,,,,,,,,,
August,8,8:30,,,,,,,,,,,,,,,,
August,8,9:00,,,,,,,,,,,,,,,,
August,8,9:30,,,,,,,,,,,,,,,,
August,8,10:00,,,,,,,,,,,,,,,,
August,8,10:30,,,,,,,,,,,,,,,,
August,8,11:00,,,,,,,,,,,,,,,,
August,8,11:30,,,,,,,,,,,,,,,,
August,8,12:00,,,,,,,,,,,,,,,,
August,8,12:30,,,,,,,,,,,,,,,,
August,8,13:00,,,,,,,,,,,,,,,,
August,8,13:30,,,,,,,,,,,,,,,,
August,8,14:00,,,,,,,,,,,,,,,,
August,8,14:30,,,,,,,,,,,,,,,,
August,8,15:00,,,,,,,,,,,,,,,,
August,8,15:30,,,,,,,,,,,,,,,,
August,8,16:00,,,,,,,,,,,,,,,,
August,8,16:30,,,,,,,,,,,,,,,,
August,8,17:00,,,,,,,,,,,,,,,,
August,8,17:30,,,,,,,,,,,,,,,,
August,8,18:00,,,,,,,,,,,,,,,,
August,8,18:30,,,,,,,,,,,,,,,,
August,8,19:00,,,,,,,,,,,,,,,,
August,8,19:30,,,,,,,,,,,,,,,,
August,8,20:00,,,,,,,,,,,,,,,,
August,8,20:30,,,,,,,,,,,,,,,,
August,8,21:00,,,,,,,,,,,,,,,,
August,8,21:30,,,,,,,,,,,,,,,,
August,8,22:00,,,,,,,,,,,,,,,,
August,8,22:30,,,,,,,,,,,,,,,,
August,8,23:00,,,,,,,,,,,,,,,,
August,8,23:30,,,,,,,,,,,,,,,,
August,9,0:00,,,,,,,,,,,,,,,,
August,9,0:30,,,,,,,,,,,,,,,,
August,9,1:00,,,,,,,,,,,,,,,,
August,9,1:30,,,,,,,,,,,,,,,,
August,9,2:00,,,,,,,,,,,,,,,,
August,9,2:30,,,,,,,,,,,,,,,,
August,9,3:00,,,,,,,,,,,,,,,,
August,9,3:30,,,,,,,,,,,,,,,,
August,9,4:00,,,,,,,,,,,,,,,,
August,9,4:30,,,,,,,,,,,,,,,,
August,9,5:00,,,,,,,,,,,,,,,,
August,9,5:30,,,,,,,,,,,,,,,,
August,9,6:00,,,,,,,,,,,,,,,,
August,9,6:30,,,,,,,,,,,,,,,,
August,9,7:00,,,,,,,,,,,,,,,,
August,9,7:30,,,,,,,,,,,,,,,,
August,9,8:00,,,,,,,,,,,,,,,,
August,9,8:30,,,,,,,,,,,,,,,,
August,9,9:00,,,,,,,,,,,,,,,,
August,9,9:30,,,,,,,,,,,,,,,,
August,9,10:00,,,,,,,,,,,,,,,,
August,9,10:30,,,,,,,,,,,,,,,,
August,9,11:00,,,,,,,,,,,,,,,,
August,9,11:30,,,,,,,,,,,,,,,,
August,9,12:00,,,,,,,,,,,,,,,,
August,9,12:30,,,,,,,,,,,,,,,,
August,9,13:00,,,,,,,,,,,,,,,,
August,9,13:30,,,,,,,,,,,,,,,,
August,9,14:00,,,,,,,,,,,,,,,,
August,9,14:30,,,,,,,,,,,,,,,,
August,9,15:00,,,,,,,,,,,,,,,,
August,9,15:30,,,,,,,,,,,,,,,,
August,9,16:00,,,,,,,,,,,,,,,,
August,9,16:30,,,,,,,,,,,,,,,,
August,9,17:00,,,,,,,,,,,,,,,,
August,9,17:30,,,,,,,,,,,,,,,,
August,9,18:00,,,,,,,,,,,,,,,,
August,9,18:30,,,,,,,,,,,,,,,,
August,9,19:00,,,,,,,,,,,,,,,,
August,9,19:30,,,,,,,,,,,,,,,,
August,9,20:00,,,,,,,,,,,,,,,,
August,9,20:30,,,,,,,,,,,,,,,,
August,9,21:00,,,,,,,,,,,,,,,,
August,9,21:30,,,,,,,,,,,,,,,,
August,9,22:00,,,,,,,,,,,,,,,,
August,9,22:30,,,,,,,,,,,,,,,,
August,9,23:00,,,,,,,,,,,,,,,,
August,9,23:30,,,,,,,,,,,,,,,,
August,10,0:00,,,,,,,,,,,,,,,,
August,10,0:30,,,,,,,,,,,,,,,,
August,10,1:00,,,,,,,,,,,,,,,,
August,10,1:30,,,,,,,,,,,,,,,,
August,10,2:00,,,,,,,,,,,,,,,,
August,10,2:30,,,,,,,,,,,,,,,,
August,10,3:00,,,,,,,,,,,,,,,,
August,10,3:30,,,,,,,,,,,,,,,,
August,10,4:00,,,,,,,,,,,,,,,,
August,10,4:30,,,,,,,,,,,,,,,,
August,10,5:00,,,,,,,,,,,,,,,,
August,10,5:30,,,,,,,,,,,,,,,,
August,10,6:00,,,,,,,,,,,,,,,,
August,10,6:30,,,,,,,,,,,,,,,,
August,10,7:00,,,,,,,,,,,,,,,,
August,10,7:30,,,,,,,,,,,,,,,,
August,10,8:00,,,,,,,,,,,,,,,,
August,10,8:30,,,,,,,,,,,,,,,,
August,10,9:00,,,,,,,,,,,,,,,,
August,10,9:30,,,,,,,,,,,,,,,,
August,10,10:00,,,,,,,,,,,,,,,,
August,10,10:30,,,,,,,,,,,,,,,,
August,10,11:00,,,,,,,,,,,,,,,,
August,10,11:30,,,,,,,,,,,,,,,,
August,10,12:00,,,,,,,,,,,,,,,,
August,10,12:30,,,,,,,,,,,,,,,,
August,10,13:00,,,,,,,,,,,,,,,,
August,10,13:30,,,,,,,,,,,,,,,,
August,10,14:00,,,,,,,,,,,,,,,,
August,10,14:30,,,,,,,,,,,,,,,,
August,10,15:00,,,,,,,,,,,,,,,,
August,10,15:30,,,,,,,,,,,,,,,,
August,10,16:00,,,,,,,,,,,,,,,,
August,10,16:30,,,,,,,,,,,,,,,,
August,10,17:00,,,,,,,,,,,,,,,,
August,10,17:30,,,,,,,,,,,,,,,,
August,10,18:00,,,,,,,,,,,,,,,,
August,10,18:30,,,,,,,,,,,,,,,,
August,10,19:00,,,,,,,,,,,,,,,,
August,10,19:30,,,,,,,,,,,,,,,,
August,10,20:00,,,,,,,,,,,,,,,,
August,10,20:30,,,,,,,,,,,,,,,,
August,10,21:00,,,,,,,,,,,,,,,,
August,10,21:30,,,,,,,,,,,,,,,,
August,10,22:00,,,,,,,,,,,,,,,,
August,10,22:30,,,,,,,,,,,,,,,,
August,10,23:00,,,,,,,,,,,,,,,,
August,10,23:30,,,,,,,,,,,,,,,,
August,11,0:00,,,,,,,,,,,,,,,,
August,11,0:30,,,,,,,,,,,,,,,,
August,11,1:00,,,,,,,,,,,,,,,,
August,11,1:30,,,,,,,,,,,,,,,,
August,11,2:00,,,,,,,,,,,,,,,,
August,11,2:30,,,,,,,,,,,,,,,,
August,11,3:00,,,,,,,,,,,,,,,,
August,11,3:30,,,,,,,,,,,,,,,,
August,11,4:00,,,,,,,,,,,,,,,,
August,11,4:30,,,,,,,,,,,,,,,,
August,11,5:00,,,,,,,,,,,,,,,,
August,11,5:30,,,,,,,,,,,,,,,,
August,11,6:00,,,,,,,,,,,,,,,,
August,11,6:30,,,,,,,,,,,,,,,,
August,11,7:00,,,,,,,,,,,,,,,,
August,11,7:30,,,,,,,,,,,,,,,,
August,11,8:00,,,,,,,,,,,,,,,,
August,11,8:30,,,,,,,,,,,,,,,,
August,11,9:00,,,,,,,,,,,,,,,,
August,11,9:30,,,,,,,,,,,,,,,,
August,11,10:00,,,,,,,,,,,,,,,,
August,11,10:30,,,,,,,,,,,,,,,,
August,11,11:00,,,,,,,,,,,,,,,,
August,11,11:30,,,,,,,,,,,,,,,,
August,11,12:00,,,,,,,,,,,,,,,,
August,11,12:30,,,,,,,,,,,,,,,,
August,11,13:00,,,,,,,,,,,,,,,,
August,11,13:30,,,,,,,,,,,,,,,,
August,11,14:00,,,,,,,,,,,,,,,,
August,11,14:30,,,,,,,,,,,,,,,,
August,11,15:00,,,,,,,,,,,,,,,,
August,11,15:30,,,,,,,,,,,,,,,,
August,11,16:00,,,,,,,,,,,,,,,,
August,11,16:30,,,,,,,,,,,,,,,,
August,11,17:00,,,,,,,,,,,,,,,,
August,11,17:30,,,,,,,,,,,,,,,,
August,11,18:00,,,,,,,,,,,,,,,,
August,11,18:30,,,,,,,,,,,,,,,,
August,11,19:00,,,,,,,,,,,,,,,,
August,11,19:30,,,,,,,,,,,,,,,,
August,11,20:00,,,,,,,,,,,,,,,,
August,11,20:30,,,,,,,,,,,,,,,,
August,11,21:00,,,,,,,,,,,,,,,,
August,11,21:30,,,,,,,,,,,,,,,,
August,11,22:00,,,,,,,,,,,,,,,,
August,11,22:30,,,,,,,,,,,,,,,,
August,11,23:00,,,,,,,,,,,,,,,,
August,11,23:30,,,,,,,,,,,,,,,,
August,12,0:00,,,,,,,,,,,,,,,,
August,12,0:30,,,,,,,,,,,,,,,,
August,12,1:00,,,,,,,,,,,,,,,,
August,12,1:30,,,,,,,,,,,,,,,,
August,12,2:00,,,,,,,,,,,,,,,,
August,12,2:30,,,,,,,,,,,,,,,,
August,12,3:00,,,,,,,,,,,,,,,,
August,12,3:30,,,,,,,,,,,,,,,,
August,12,4:00,,,,,,,,,,,,,,,,
August,12,4:30,,,,,,,,,,,,,,,,
August,12,5:00,,,,,,,,,,,,,,,,
August,12,5:30,,,,,,,,,,,,,,,,
August,12,6:00,,,,,,,,,,,,,,,,
August,12,6:30,,,,,,,,,,,,,,,,
August,12,7:00,,,,,,,,,,,,,,,,
August,12,7:30,,,,,,,,,,,,,,,,
August,12,8:00,,,,,,,,,,,,,,,,
August,12,8:30,,,,,,,,,,,,,,,,
August,12,9:00,,,,,,,,,,,,,,,,
August,12,9:30,,,,,,,,,,,,,,,,
August,12,10:00,,,,,,,,,,,,,,,,
August,12,10:30,,,,,,,,,,,,,,,,
August,12,11:00,,,,,,,,,,,,,,,,
August,12,11:30,,,,,,,,,,,,,,,,
August,12,12:00,,,,,,,,,,,,,,,,
August,12,12:30,,,,,,,,,,,,,,,,
August,12,13:00,,,,,,,,,,,,,,,,
August,12,13:30,,,,,,,,,,,,,,,,
August,12,14:00,,,,,,,,,,,,,,,,
August,12,14:30,,,,,,,,,,,,,,,,
August,12,15:00,,,,,,,,,,,,,,,,
August,12,15:30,,,,,,,,,,,,,,,,
August,12,16:00,,,,,,,,,,,,,,,,
August,12,16:30,,,,,,,,,,,,,,,,
August,12,17:00,,,,,,,,,,,,,,,,
August,12,17:30,,,,,,,,,,,,,,,,
August,12,18:00,,,,,,,,,,,,,,,,
August,12,18:30,,,,,,,,,,,,,,,,
August,12,19:00,,,,,,,,,,,,,,,,
August,12,19:30,,,,,,,,,,,,,,,,
August,12,20:00,,,,,,,,,,,,,,,,
August,12,20:30,,,,,,,,,,,,,,,,
August,12,21:00,,,,,,,,,,,,,,,,
August,12,21:30,,,,,,,,,,,,,,,,
August,12,22:00,,,,,,,,,,,,,,,,
August,12,22:30,,,,,,,,,,,,,,,,
August,12,23:00,,,,,,,,,,,,,,,,
August,12,23:30,,,,,,,,,,,,,,,,
August,13,0:00,,,,,,,,,,,,,,,,
August,13,0:30,,,,,,,,,,,,,,,,
August,13,1:00,,,,,,,,,,,,,,,,
August,13,1:30,,,,,,,,,,,,,,,,
August,13,2:00,,,,,,,,,,,,,,,,
August,13,2:30,,,,,,,,,,,,,,,,
August,13,3:00,,,,,,,,,,,,,,,,
August,13,3:30,,,,,,,,,,,,,,,,
August,13,4:00,,,,,,,,,,,,,,,,
August,13,4:30,,,,,,,,,,,,,,,,
August,13,5:00,,,,,,,,,,,,,,,,
August,13,5:30,,,,,,,,,,,,,,,,
August,13,6:00,,,,,,,,,,,,,,,,
August,13,6:30,,,,,,,,,,,,,,,,
August,13,7:00,,,,,,,,,,,,,,,,
August,13,7:30,,,,,,,,,,,,,,,,
August,13,8:00,,,,,,,,,,,,,,,,
August,13,8:30,,,,,,,,,,,,,,,,
August,13,9:00,,,,,,,,,,,,,,,,
August,13,9:30,,,,,,,,,,,,,,,,
August,13,10:00,,,,,,,,,,,,,,,,
August,13,10:30,,,,,,,,,,,,,,,,
August,13,11:00,,,,,,,,,,,,,,,,
August,13,11:30,,,,,,,,,,,,,,,,
August,13,12:00,,,,,,,,,,,,,,,,
August,13,12:30,,,,,,,,,,,,,,,,
August,13,13:00,,,,,,,,,,,,,,,,
August,13,13:30,,,,,,,,,,,,,,,,
August,13,14:00,,,,,,,,,,,,,,,,
August,13,14:30,,,,,,,,,,,,,,,,
August,13,15:00,,,,,,,,,,,,,,,,
August,13,15:30,,,,,,,,,,,,,,,,
August,13,16:00,,,,,,,,,,,,,,,,
August,13,16:30,,,,,,,,,,,,,,,,
August,13,17:00,,,,,,,,,,,,,,,,
August,13,17:30,,,,,,,,,,,,,,,,
August,13,18:00,,,,,,,,,,,,,,,,
August,13,18:30,,,,,,,,,,,,,,,,
August,13,19:00,,,,,,,,,,,,,,,,
August,13,19:30,,,,,,,,,,,,,,,,
August,13,20:00,,,,,,,,,,,,,,,,
August,13,20:30,,,,,,,,,,,,,,,,
August,13,21:00,,,,,,,,,,,,,,,,
August,13,21:30,,,,,,,,,,,,,,,,
August,13,22:00,,,,,,,,,,,,,,,,
August,13,22:30,,,,,,,,,,,,,,,,
August,13,23:00,,,,,,,,,,,,,,,,
August,13,23:30,,,,,,,,,,,,,,,,
August,14,0:00,,,,,,,,,,,,,,,,
August,14,0:30,,,,,,,,,,,,,,,,
August,14,1:00,,,,,,,,,,,,,,,,
August,14,1:30,,,,,,,,,,,,,,,,
August,14,2:00,,,,,,,,,,,,,,,,
August,14,2:30,,,,,,,,,,,,,,,,
August,14,3:00,,,,,,,,,,,,,,,,
August,14,3:30,,,,,,,,,,,,,,,,
August,14,4:00,,,,,,,,,,,,,,,,
August,14,4:30,,,,,,,,,,,,,,,,
August,14,5:00,,,,,,,,,,,,,,,,
August,14,5:30,,,,,,,,,,,,,,,,
August,14,6:00,,,,,,,,,,,,,,,,
August,14,6:30,,,,,,,,,,,,,,,,
August,14,7:00,,,,,,,,,,,,,,,,
August,14,7:30,,,,,,,,,,,,,,,,
August,14,8:00,,,,,,,,,,,,,,,,
August,14,8:30,,,,,,,,,,,,,,,,
August,14,9:00,,,,,,,,,,,,,,,,
August,14,9:30,,,,,,,,,,,,,,,,
August,14,10:00,,,,,,,,,,,,,,,,
August,14,10:30,,,,,,,,,,,,,,,,
August,14,11:00,,,,,,,,,,,,,,,,
August,14,11:30,,,,,,,,,,,,,,,,
August,14,12:00,,,,,,,,,,,,,,,,
August,14,12:30,,,,,,,,,,,,,,,,
August,14,13:00,,,,,,,,,,,,,,,,
August,14,13:30,,,,,,,,,,,,,,,,
August,14,14:00,,,,,,,,,,,,,,,,
August,14,14:30,,,,,,,,,,,,,,,,
August,14,15:00,,,,,,,,,,,,,,,,
August,14,15:30,,,,,,,,,,,,,,,,
August,14,16:00,,,,,,,,,,,,,,,,
August,14,16:30,,,,,,,,,,,,,,,,
August,14,17:00,,,,,,,,,,,,,,,,
August,14,17:30,,,,,,,,,,,,,,,,
August,14,18:00,,,,,,,,,,,,,,,,
August,14,18:30,,,,,,,,,,,,,,,,
August,14,19:00,,,,,,,,,,,,,,,,
August,14,19:30,,,,,,,,,,,,,,,,
August,14,20:00,,,,,,,,,,,,,,,,
August,14,20:30,,,,,,,,,,,,,,,,
August,14,21:00,,,,,,,,,,,,,,,,
August,14,21:30,,,,,,,,,,,,,,,,
August,14,22:00,,,,,,,,,,,,,,,,
August,14,22:30,,,,,,,,,,,,,,,,
August,14,23:00,,,,,,,,,,,,,,,,
August,14,23:30,,,,,,,,,,,,,,,,
August,15,0:00,,,,,,,,,,,,,,,,
August,15,0:30,,,,,,,,,,,,,,,,
August,15,1:00,,,,,,,,,,,,,,,,
August,15,1:30,,,,,,,,,,,,,,,,
August,15,2:00,,,,,,,,,,,,,,,,
August,15,2:30,,,,,,,,,,,,,,,,
August,15,3:00,,,,,,,,,,,,,,,,
August,15,3:30,,,,,,,,,,,,,,,,
August,15,4:00,,,,,,,,,,,,,,,,
August,15,4:30,,,,,,,,,,,,,,,,
August,15,5:00,,,,,,,,,,,,,,,,
August,15,5:30,,,,,,,,,,,,,,,,
August,15,6:00,,,,,,,,,,,,,,,,
August,15,6:30,,,,,,,,,,,,,,,,
August,15,7:00,,,,,,,,,,,,,,,,
August,15,7:30,,,,,,,,,,,,,,,,
August,15,8:00,,,,,,,,,,,,,,,,
August,15,8:30,,,,,,,,,,,,,,,,
August,15,9:00,,,,,,,,,,,,,,,,
August,15,9:30,,,,,,,,,,,,,,,,
August,15,10:00,,,,,,,,,,,,,,,,
August,15,10:30,,,,,,,,,,,,,,,,
August,15,11:00,,,,,,,,,,,,,,,,
August,15,11:30,,,,,,,,,,,,,,,,
August,15,12:00,,,,,,,,,,,,,,,,
August,15,12:30,,,,,,,,,,,,,,,,
August,15,13:00,,,,,,,,,,,,,,,,
August,15,13:30,,,,,,,,,,,,,,,,
August,15,14:00,,,,,,,,,,,,,,,,
August,15,14:30,,,,,,,,,,,,,,,,
August,15,15:00,,,,,,,,,,,,,,,,
August,15,15:30,,,,,,,,,,,,,,,,
August,15,16:00,,,,,,,,,,,,,,,,
August,15,16:30,,,,,,,,,,,,,,,,
August,15,17:00,,,,,,,,,,,,,,,,
August,15,17:30,,,,,,,,,,,,,,,,
August,15,18:00,,,,,,,,,,,,,,,,
August,15,18:30,,,,,,,,,,,,,,,,
August,15,19:00,,,,,,,,,,,,,,,,
August,15,19:30,,,,,,,,,,,,,,,,
August,15,20:00,,,,,,,,,,,,,,,,
August,15,20:30,,,,,,,,,,,,,,,,
August,15,21:00,,,,,,,,,,,,,,,,
August,15,21:30,,,,,,,,,,,,,,,,
August,15,22:00,,,,,,,,,,,,,,,,
August,15,22:30,,,,,,,,,,,,,,,,
August,15,23:00,,,,,,,,,,,,,,,,
August,15,23:30,,,,,,,,,,,,,,,,
August,16,0:00,,,,,,,,,,,,,,,,
August,16,0:30,,,,,,,,,,,,,,,,
August,16,1:00,,,,,,,,,,,,,,,,
August,16,1:30,,,,,,,,,,,,,,,,
August,16,2:00,,,,,,,,,,,,,,,,
August,16,2:30,,,,,,,,,,,,,,,,
August,16,3:00,,,,,,,,,,,,,,,,
August,16,3:30,,,,,,,,,,,,,,,,
August,16,4:00,,,,,,,,,,,,,,,,
August,16,4:30,,,,,,,,,,,,,,,,
August,16,5:00,,,,,,,,,,,,,,,,
August,16,5:30,,,,,,,,,,,,,,,,
August,16,6:00,,,,,,,,,,,,,,,,
August,16,6:30,,,,,,,,,,,,,,,,
August,16,7:00,,,,,,,,,,,,,,,,
August,16,7:30,,,,,,,,,,,,,,,,
August,16,8:00,,,,,,,,,,,,,,,,
August,16,8:30,,,,,,,,,,,,,,,,
August,16,9:00,,,,,,,,,,,,,,,,
August,16,9:30,,,,,,,,,,,,,,,,
August,16,10:00,,,,,,,,,,,,,,,,
August,16,10:30,,,,,,,,,,,,,,,,
August,16,11:00,,,,,,,,,,,,,,,,
August,16,11:30,,,,,,,,,,,,,,,,
August,16,12:00,,,,,,,,,,,,,,,,
August,16,12:30,,,,,,,,,,,,,,,,
August,16,13:00,,,,,,,,,,,,,,,,
August,16,13:30,,,,,,,,,,,,,,,,
August,16,14:00,,,,,,,,,,,,,,,,
August,16,14:30,,,,,,,,,,,,,,,,
August,16,15:00,,,,,,,,,,,,,,,,
August,16,15:30,,,,,,,,,,,,,,,,
August,16,16:00,,,,,,,,,,,,,,,,
August,16,16:30,,,,,,,,,,,,,,,,
August,16,17:00,,,,,,,,,,,,,,,,
August,16,17:30,,,,,,,,,,,,,,,,
August,16,18:00,,,,,,,,,,,,,,,,
August,16,18:30,,,,,,,,,,,,,,,,
August,16,19:00,,,,,,,,,,,,,,,,
August,16,19:30,,,,,,,,,,,,,,,,
August,16,20:00,,,,,,,,,,,,,,,,
August,16,20:30,,,,,,,,,,,,,,,,
August,16,21:00,,,,,,,,,,,,,,,,
August,16,21:30,,,,,,,,,,,,,,,,
August,16,22:00,,,,,,,,,,,,,,,,
August,16,22:30,,,,,,,,,,,,,,,,
August,16,23:00,,,,,,,,,,,,,,,,
August,16,23:30,,,,,,,,,,,,,,,,
August,17,0:00,,,,,,,,,,,,,,,,
August,17,0:30,,,,,,,,,,,,,,,,
August,17,1:00,,,,,,,,,,,,,,,,
August,17,1:30,,,,,,,,,,,,,,,,
August,17,2:00,,,,,,,,,,,,,,,,
August,17,2:30,,,,,,,,,,,,,,,,
August,17,3:00,,,,,,,,,,,,,,,,
August,17,3:30,,,,,,,,,,,,,,,,
August,17,4:00,,,,,,,,,,,,,,,,
August,17,4:30,,,,,,,,,,,,,,,,
August,17,5:00,,,,,,,,,,,,,,,,
August,17,5:30,,,,,,,,,,,,,,,,
August,17,6:00,,,,,,,,,,,,,,,,
August,17,6:30,,,,,,,,,,,,,,,,
August,17,7:00,,,,,,,,,,,,,,,,
August,17,7:30,,,,,,,,,,,,,,,,
August,17,8:00,,,,,,,,,,,,,,,,
August,17,8:30,,,,,,,,,,,,,,,,
August,17,9:00,,,,,,,,,,,,,,,,
August,17,9:30,,,,,,,,,,,,,,,,
August,17,10:00,,,,,,,,,,,,,,,,
August,17,10:30,,,,,,,,,,,,,,,,
August,17,11:00,,,,,,,,,,,,,,,,
August,17,11:30,,,,,,,,,,,,,,,,
August,17,12:00,,,,,,,,,,,,,,,,
August,17,12:30,,,,,,,,,,,,,,,,
August,17,13:00,,,,,,,,,,,,,,,,
August,17,13:30,,,,,,,,,,,,,,,,
August,17,14:00,,,,,,,,,,,,,,,,
August,17,14:30,,,,,,,,,,,,,,,,
August,17,15:00,,,,,,,,,,,,,,,,
August,17,15:30,,,,,,,,,,,,,,,,
August,17,16:00,,,,,,,,,,,,,,,,
August,17,16:30,,,,,,,,,,,,,,,,
August,17,17:00,,,,,,,,,,,,,,,,
August,17,17:30,,,,,,,,,,,,,,,,
August,17,18:00,,,,,,,,,,,,,,,,
August,17,18:30,,,,,,,,,,,,,,,,
August,17,19:00,,,,,,,,,,,,,,,,
August,17,19:30,,,,,,,,,,,,,,,,
August,17,20:00,,,,,,,,,,,,,,,,
August,17,20:30,,,,,,,,,,,,,,,,
August,17,21:00,,,,,,,,,,,,,,,,
August,17,21:30,,,,,,,,,,,,,,,,
August,17,22:00,,,,,,,,,,,,,,,,
August,17,22:30,,,,,,,,,,,,,,,,
August,17,23:00,,,,,,,,,,,,,,,,
August,17,23:30,,,,,,,,,,,,,,,,
August,18,0:00,,,,,,,,,,,,,,,,
August,18,0:30,,,,,,,,,,,,,,,,
August,18,1:00,,,,,,,,,,,,,,,,
August,18,1:30,,,,,,,,,,,,,,,,
August,18,2:00,,,,,,,,,,,,,,,,
August,18,2:30,,,,,,,,,,,,,,,,
August,18,3:00,,,,,,,,,,,,,,,,
August,18,3:30,,,,,,,,,,,,,,,,
August,18,4:00,,,,,,,,,,,,,,,,
August,18,4:30,,,,,,,,,,,,,,,,
August,18,5:00,,,,,,,,,,,,,,,,
August,18,5:30,,,,,,,,,,,,,,,,
August,18,6:00,,,,,,,,,,,,,,,,
August,18,6:30,,,,,,,,,,,,,,,,
August,18,7:00,,,,,,,,,,,,,,,,
August,18,7:30,,,,,,,,,,,,,,,,
August,18,8:00,,,,,,,,,,,,,,,,
August,18,8:30,,,,,,,,,,,,,,,,
August,18,9:00,,,,,,,,,,,,,,,,
August,18,9:30,,,,,,,,,,,,,,,,
August,18,10:00,,,,,,,,,,,,,,,,
August,18,10:30,,,,,,,,,,,,,,,,
August,18,11:00,,,,,,,,,,,,,,,,
August,18,11:30,,,,,,,,,,,,,,,,
August,18,12:00,,,,,,,,,,,,,,,,
August,18,12:30,,,,,,,,,,,,,,,,
August,18,13:00,,,,,,,,,,,,,,,,
August,18,13:30,,,,,,,,,,,,,,,,
August,18,14:00,,,,,,,,,,,,,,,,
August,18,14:30,,,,,,,,,,,,,,,,
August,18,15:00,,,,,,,,,,,,,,,,
August,18,15:30,,,,,,,,,,,,,,,,
August,18,16:00,,,,,,,,,,,,,,,,
August,18,16:30,,,,,,,,,,,,,,,,
August,18,17:00,,,,,,,,,,,,,,,,
August,18,17:30,,,,,,,,,,,,,,,,
August,18,18:00,,,,,,,,,,,,,,,,
August,18,18:30,,,,,,,,,,,,,,,,
August,18,19:00,,,,,,,,,,,,,,,,
August,18,19:30,,,,,,,,,,,,,,,,
August,18,20:00,,,,,,,,,,,,,,,,
August,18,20:30,,,,,,,,,,,,,,,,
August,18,21:00,,,,,,,,,,,,,,,,
August,18,21:30,,,,,,,,,,,,,,,,
August,18,22:00,,,,,,,,,,,,,,,,
August,18,22:30,,,,,,,,,,,,,,,,
August,18,23:00,,,,,,,,,,,,,,,,
August,18,23:30,,,,,,,,,,,,,,,,
August,19,0:00,,,,,,,,,,,,,,,,
August,19,0:30,,,,,,,,,,,,,,,,
August,19,1:00,,,,,,,,,,,,,,,,
August,19,1:30,,,,,,,,,,,,,,,,
August,19,2:00,,,,,,,,,,,,,,,,
August,19,2:30,,,,,,,,,,,,,,,,
August,19,3:00,,,,,,,,,,,,,,,,
August,19,3:30,,,,,,,,,,,,,,,,
August,19,4:00,,,,,,,,,,,,,,,,
August,19,4:30,,,,,,,,,,,,,,,,
August,19,5:00,,,,,,,,,,,,,,,,
August,19,5:30,,,,,,,,,,,,,,,,
August,19,6:00,,,,,,,,,,,,,,,,
August,19,6:30,,,,,,,,,,,,,,,,
August,19,7:00,,,,,,,,,,,,,,,,
August,19,7:30,,,,,,,,,,,,,,,,
August,19,8:00,,,,,,,,,,,,,,,,
August,19,8:30,,,,,,,,,,,,,,,,
August,19,9:00,,,,,,,,,,,,,,,,
August,19,9:30,,,,,,,,,,,,,,,,
August,19,10:00,,,,,,,,,,,,,,,,
August,19,10:30,,,,,,,,,,,,,,,,
August,19,11:00,,,,,,,,,,,,,,,,
August,19,11:30,,,,,,,,,,,,,,,,
August,19,12:00,,,,,,,,,,,,,,,,
August,19,12:30,,,,,,,,,,,,,,,,
August,19,13:00,,,,,,,,,,,,,,,,
August,19,13:30,,,,,,,,,,,,,,,,
August,19,14:00,,,,,,,,,,,,,,,,
August,19,14:30,,,,,,,,,,,,,,,,
August,19,15:00,,,,,,,,,,,,,,,,
August,19,15:30,,,,,,,,,,,,,,,,
August,19,16:00,,,,,,,,,,,,,,,,
August,19,16:30,,,,,,,,,,,,,,,,
August,19,17:00,,,,,,,,,,,,,,,,
August,19,17:30,,,,,,,,,,,,,,,,
August,19,18:00,,,,,,,,,,,,,,,,
August,19,18:30,,,,,,,,,,,,,,,,
August,19,19:00,,,,,,,,,,,,,,,,
August,19,19:30,,,,,,,,,,,,,,,,
August,19,20:00,,,,,,,,,,,,,,,,
August,19,20:30,,,,,,,,,,,,,,,,
August,19,21:00,,,,,,,,,,,,,,,,
August,19,21:30,,,,,,,,,,,,,,,,
August,19,22:00,,,,,,,,,,,,,,,,
August,19,22:30,,,,,,,,,,,,,,,,
August,19,23:00,,,,,,,,,,,,,,,,
August,19,23:30,,,,,,,,,,,,,,,,
August,20,0:00,,,,,,,,,,,,,,,,
August,20,0:30,,,,,,,,,,,,,,,,
August,20,1:00,,,,,,,,,,,,,,,,
August,20,1:30,,,,,,,,,,,,,,,,
August,20,2:00,,,,,,,,,,,,,,,,
August,20,2:30,,,,,,,,,,,,,,,,
August,20,3:00,,,,,,,,,,,,,,,,
August,20,3:30,,,,,,,,,,,,,,,,
August,20,4:00,,,,,,,,,,,,,,,,
August,20,4:30,,,,,,,,,,,,,,,,
August,20,5:00,,,,,,,,,,,,,,,,
August,20,5:30,,,,,,,,,,,,,,,,
August,20,6:00,,,,,,,,,,,,,,,,
August,20,6:30,,,,,,,,,,,,,,,,
August,20,7:00,,,,,,,,,,,,,,,,
August,20,7:30,,,,,,,,,,,,,,,,
August,20,8:00,,,,,,,,,,,,,,,,
August,20,8:30,,,,,,,,,,,,,,,,
August,20,9:00,,,,,,,,,,,,,,,,
August,20,9:30,,,,,,,,,,,,,,,,
August,20,10:00,,,,,,,,,,,,,,,,
August,20,10:30,,,,,,,,,,,,,,,,
August,20,11:00,,,,,,,,,,,,,,,,
August,20,11:30,,,,,,,,,,,,,,,,
August,20,12:00,,,,,,,,,,,,,,,,
August,20,12:30,,,,,,,,,,,,,,,,
August,20,13:00,,,,,,,,,,,,,,,,
August,20,13:30,,,,,,,,,,,,,,,,
August,20,14:00,,,,,,,,,,,,,,,,
August,20,14:30,,,,,,,,,,,,,,,,
August,20,15:00,,,,,,,,,,,,,,,,
August,20,15:30,,,,,,,,,,,,,,,,
August,20,16:00,,,,,,,,,,,,,,,,
August,20,16:30,,,,,,,,,,,,,,,,
August,20,17:00,,,,,,,,,,,,,,,,
August,20,17:30,,,,,,,,,,,,,,,,
August,20,18:00,,,,,,,,,,,,,,,,
August,20,18:30,,,,,,,,,,,,,,,,
August,20,19:00,,,,,,,,,,,,,,,,
August,20,19:30,,,,,,,,,,,,,,,,
August,20,20:00,,,,,,,,,,,,,,,,
August,20,20:30,,,,,,,,,,,,,,,,
August,20,21:00,,,,,,,,,,,,,,,,
August,20,21:30,,,,,,,,,,,,,,,,
August,20,22:00,,,,,,,,,,,,,,,,
August,20,22:30,,,,,,,,,,,,,,,,
August,20,23:00,,,,,,,,,,,,,,,,
August,20,23:30,,,,,,,,,,,,,,,,
August,21,0:00,,,,,,,,,,,,,,,,
August,21,0:30,,,,,,,,,,,,,,,,
August,21,1:00,,,,,,,,,,,,,,,,
August,21,1:30,,,,,,,,,,,,,,,,
August,21,2:00,,,,,,,,,,,,,,,,
August,21,2:30,,,,,,,,,,,,,,,,
August,21,3:00,,,,,,,,,,,,,,,,
August,21,3:30,,,,,,,,,,,,,,,,
August,21,4:00,,,,,,,,,,,,,,,,
August,21,4:30,,,,,,,,,,,,,,,,
August,21,5:00,,,,,,,,,,,,,,,,
August,21,5:30,,,,,,,,,,,,,,,,
August,21,6:00,,,,,,,,,,,,,,,,
August,21,6:30,,,,,,,,,,,,,,,,
August,21,7:00,,,,,,,,,,,,,,,,
August,21,7:30,,,,,,,,,,,,,,,,
August,21,8:00,,,,,,,,,,,,,,,,
August,21,8:30,,,,,,,,,,,,,,,,
August,21,9:00,,,,,,,,,,,,,,,,
August,21,9:30,,,,,,,,,,,,,,,,
August,21,10:00,,,,,,,,,,,,,,,,
August,21,10:30,,,,,,,,,,,,,,,,
August,21,11:00,,,,,,,,,,,,,,,,
August,21,11:30,,,,,,,,,,,,,,,,
August,21,12:00,,,,,,,,,,,,,,,,
August,21,12:30,,,,,,,,,,,,,,,,
August,21,13:00,,,,,,,,,,,,,,,,
August,21,13:30,,,,,,,,,,,,,,,,
August,21,14:00,,,,,,,,,,,,,,,,
August,21,14:30,,,,,,,,,,,,,,,,
August,21,15:00,,,,,,,,,,,,,,,,
August,21,15:30,,,,,,,,,,,,,,,,
August,21,16:00,,,,,,,,,,,,,,,,
August,21,16:30,,,,,,,,,,,,,,,,
August,21,17:00,,,,,,,,,,,,,,,,
August,21,17:30,,,,,,,,,,,,,,,,
August,21,18:00,,,,,,,,,,,,,,,,
August,21,18:30,,,,,,,,,,,,,,,,
August,21,19:00,,,,,,,,,,,,,,,,
August,21,19:30,,,,,,,,,,,,,,,,
August,21,20:00,,,,,,,,,,,,,,,,
August,21,20:30,,,,,,,,,,,,,,,,
August,21,21:00,,,,,,,,,,,,,,,,
August,21,21:30,,,,,,,,,,,,,,,,
August,21,22:00,,,,,,,,,,,,,,,,
August,21,22:30,,,,,,,,,,,,,,,,
August,21,23:00,,,,,,,,,,,,,,,,
August,21,23:30,,,,,,,,,,,,,,,,
August,22,0:00,,,,,,,,,,,,,,,,
August,22,0:30,,,,,,,,,,,,,,,,
August,22,1:00,,,,,,,,,,,,,,,,
August,22,1:30,,,,,,,,,,,,,,,,
August,22,2:00,,,,,,,,,,,,,,,,
August,22,2:30,,,,,,,,,,,,,,,,
August,22,3:00,,,,,,,,,,,,,,,,
August,22,3:30,,,,,,,,,,,,,,,,
August,22,4:00,,,,,,,,,,,,,,,,
August,22,4:30,,,,,,,,,,,,,,,,
August,22,5:00,,,,,,,,,,,,,,,,
August,22,5:30,,,,,,,,,,,,,,,,
August,22,6:00,,,,,,,,,,,,,,,,
August,22,6:30,,,,,,,,,,,,,,,,
August,22,7:00,,,,,,,,,,,,,,,,
August,22,7:30,,,,,,,,,,,,,,,,
August,22,8:00,,,,,,,,,,,,,,,,
August,22,8:30,,,,,,,,,,,,,,,,
August,22,9:00,,,,,,,,,,,,,,,,
August,22,9:30,,,,,,,,,,,,,,,,
August,22,10:00,,,,,,,,,,,,,,,,
August,22,10:30,,,,,,,,,,,,,,,,
August,22,11:00,,,,,,,,,,,,,,,,
August,22,11:30,,,,,,,,,,,,,,,,
August,22,12:00,,,,,,,,,,,,,,,,
August,22,12:30,,,,,,,,,,,,,,,,
August,22,13:00,,,,,,,,,,,,,,,,
August,22,13:30,,,,,,,,,,,,,,,,
August,22,14:00,,,,,,,,,,,,,,,,
August,22,14:30,,,,,,,,,,,,,,,,
August,22,15:00,,,,,,,,,,,,,,,,
August,22,15:30,,,,,,,,,,,,,,,,
August,22,16:00,,,,,,,,,,,,,,,,
August,22,16:30,,,,,,,,,,,,,,,,
August,22,17:00,,,,,,,,,,,,,,,,
August,22,17:30,,,,,,,,,,,,,,,,
August,22,18:00,,,,,,,,,,,,,,,,
August,22,18:30,,,,,,,,,,,,,,,,
August,22,19:00,,,,,,,,,,,,,,,,
August,22,19:30,,,,,,,,,,,,,,,,
August,22,20:00,,,,,,,,,,,,,,,,
August,22,20:30,,,,,,,,,,,,,,,,
August,22,21:00,,,,,,,,,,,,,,,,
August,22,21:30,,,,,,,,,,,,,,,,
August,22,22:00,,,,,,,,,,,,,,,,
August,22,22:30,,,,,,,,,,,,,,,,
August,22,23:00,,,,,,,,,,,,,,,,
August,22,23:30,,,,,,,,,,,,,,,,
August,23,0:00,,,,,,,,,,,,,,,,
August,23,0:30,,,,,,,,,,,,,,,,
August,23,1:00,,,,,,,,,,,,,,,,
August,23,1:30,,,,,,,,,,,,,,,,
August,23,2:00,,,,,,,,,,,,,,,,
August,23,2:30,,,,,,,,,,,,,,,,
August,23,3:00,,,,,,,,,,,,,,,,
August,23,3:30,,,,,,,,,,,,,,,,
August,23,4:00,,,,,,,,,,,,,,,,
August,23,4:30,,,,,,,,,,,,,,,,
August,23,5:00,,,,,,,,,,,,,,,,
August,23,5:30,,,,,,,,,,,,,,,,
August,23,6:00,,,,,,,,,,,,,,,,
August,23,6:30,,,,,,,,,,,,,,,,
August,23,7:00,,,,,,,,,,,,,,,,
August,23,7:30,,,,,,,,,,,,,,,,
August,23,8:00,,,,,,,,,,,,,,,,
August,23,8:30,,,,,,,,,,,,,,,,
August,23,9:00,,,,,,,,,,,,,,,,
August,23,9:30,,,,,,,,,,,,,,,,
August,23,10:00,,,,,,,,,,,,,,,,
August,23,10:30,,,,,,,,,,,,,,,,
August,23,11:00,,,,,,,,,,,,,,,,
August,23,11:30,,,,,,,,,,,,,,,,
August,23,12:00,,,,,,,,,,,,,,,,
August,23,12:30,,,,,,,,,,,,,,,,
August,23,13:00,,,,,,,,,,,,,,,,
August,23,13:30,,,,,,,,,,,,,,,,
August,23,14:00,,,,,,,,,,,,,,,,
August,23,14:30,,,,,,,,,,,,,,,,
August,23,15:00,,,,,,,,,,,,,,,,
August,23,15:30,,,,,,,,,,,,,,,,
August,23,16:00,,,,,,,,,,,,,,,,
August,23,16:30,,,,,,,,,,,,,,,,
August,23,17:00,,,,,,,,,,,,,,,,
August,23,17:30,,,,,,,,,,,,,,,,
August,23,18:00,,,,,,,,,,,,,,,,
August,23,18:30,,,,,,,,,,,,,,,,
August,23,19:00,,,,,,,,,,,,,,,,
August,23,19:30,,,,,,,,,,,,,,,,
August,23,20:00,,,,,,,,,,,,,,,,
August,23,20:30,,,,,,,,,,,,,,,,
August,23,21:00,,,,,,,,,,,,,,,,
August,23,21:30,,,,,,,,,,,,,,,,
August,23,22:00,,,,,,,,,,,,,,,,
August,23,22:30,,,,,,,,,,,,,,,,
August,23,23:00,,,,,,,,,,,,,,,,
August,23,23:30,,,,,,,,,,,,,,,,
August,24,0:00,,,,,,,,,,,,,,,,
August,24,0:30,,,,,,,,,,,,,,,,
August,24,1:00,,,,,,,,,,,,,,,,
August,24,1:30,,,,,,,,,,,,,,,,
August,24,2:00,,,,,,,,,,,,,,,,
August,24,2:30,,,,,,,,,,,,,,,,
August,24,3:00,,,,,,,,,,,,,,,,
August,24,3:30,,,,,,,,,,,,,,,,
August,24,4:00,,,,,,,,,,,,,,,,
August,24,4:30,,,,,,,,,,,,,,,,
August,24,5:00,,,,,,,,,,,,,,,,
August,24,5:30,,,,,,,,,,,,,,,,
August,24,6:00,,,,,,,,,,,,,,,,
August,24,6:30,,,,,,,,,,,,,,,,
August,24,7:00,,,,,,,,,,,,,,,,
August,24,7:30,,,,,,,,,,,,,,,,
August,24,8:00,,,,,,,,,,,,,,,,
August,24,8:30,,,,,,,,,,,,,,,,
August,24,9:00,,,,,,,,,,,,,,,,
August,24,9:30,,,,,,,,,,,,,,,,
August,24,10:00,,,,,,,,,,,,,,,,
August,24,10:30,,,,,,,,,,,,,,,,
August,24,11:00,,,,,,,,,,,,,,,,
August,24,11:30,,,,,,,,,,,,,,,,
August,24,12:00,,,,,,,,,,,,,,,,
August,24,12:30,,,,,,,,,,,,,,,,
August,24,13:00,,,,,,,,,,,,,,,,
August,24,13:30,,,,,,,,,,,,,,,,
August,24,14:00,,,,,,,,,,,,,,,,
August,24,14:30,,,,,,,,,,,,,,,,
August,24,15:00,,,,,,,,,,,,,,,,
August,24,15:30,,,,,,,,,,,,,,,,
August,24,16:00,,,,,,,,,,,,,,,,
August,24,16:30,,,,,,,,,,,,,,,,
August,24,17:00,,,,,,,,,,,,,,,,
August,24,17:30,,,,,,,,,,,,,,,,
August,24,18:00,,,,,,,,,,,,,,,,
August,24,18:30,,,,,,,,,,,,,,,,
August,24,19:00,,,,,,,,,,,,,,,,
August,24,19:30,,,,,,,,,,,,,,,,
August,24,20:00,,,,,,,,,,,,,,,,
August,24,20:30,,,,,,,,,,,,,,,,
August,24,21:00,,,,,,,,,,,,,,,,
August,24,21:30,,,,,,,,,,,,,,,,
August,24,22:00,,,,,,,,,,,,,,,,
August,24,22:30,,,,,,,,,,,,,,,,
August,24,23:00,,,,,,,,,,,,,,,,
August,24,23:30,,,,,,,,,,,,,,,,
August,25,0:00,,,,,,,,,,,,,,,,
August,25,0:30,,,,,,,,,,,,,,,,
August,25,1:00,,,,,,,,,,,,,,,,
August,25,1:30,,,,,,,,,,,,,,,,
August,25,2:00,,,,,,,,,,,,,,,,
August,25,2:30,,,,,,,,,,,,,,,,
August,25,3:00,,,,,,,,,,,,,,,,
August,25,3:30,,,,,,,,,,,,,,,,
August,25,4:00,,,,,,,,,,,,,,,,
August,25,4:30,,,,,,,,,,,,,,,,
August,25,5:00,,,,,,,,,,,,,,,,
August,25,5:30,,,,,,,,,,,,,,,,
August,25,6:00,,,,,,,,,,,,,,,,
August,25,6:30,,,,,,,,,,,,,,,,
August,25,7:00,,,,,,,,,,,,,,,,
August,25,7:30,,,,,,,,,,,,,,,,
August,25,8:00,,,,,,,,,,,,,,,,
August,25,8:30,,,,,,,,,,,,,,,,
August,25,9:00,,,,,,,,,,,,,,,,
August,25,9:30,,,,,,,,,,,,,,,,
August,25,10:00,,,,,,,,,,,,,,,,
August,25,10:30,,,,,,,,,,,,,,,,
August,25,11:00,,,,,,,,,,,,,,,,
August,25,11:30,,,,,,,,,,,,,,,,
August,25,12:00,,,,,,,,,,,,,,,,
August,25,12:30,,,,,,,,,,,,,,,,
August,25,13:00,,,,,,,,,,,,,,,,
August,25,13:30,,,,,,,,,,,,,,,,
August,25,14:00,,,,,,,,,,,,,,,,
August,25,14:30,,,,,,,,,,,,,,,,
August,25,15:00,,,,,,,,,,,,,,,,
August,25,15:30,,,,,,,,,,,,,,,,
August,25,16:00,,,,,,,,,,,,,,,,
August,25,16:30,,,,,,,,,,,,,,,,
August,25,17:00,,,,,,,,,,,,,,,,
August,25,17:30,,,,,,,,,,,,,,,,
August,25,18:00,,,,,,,,,,,,,,,,
August,25,18:30,,,,,,,,,,,,,,,,
August,25,19:00,,,,,,,,,,,,,,,,
August,25,19:30,,,,,,,,,,,,,,,,
August,25,20:00,,,,,,,,,,,,,,,,
August,25,20:30,,,,,,,,,,,,,,,,
August,25,21:00,,,,,,,,,,,,,,,,
August,25,21:30,,,,,,,,,,,,,,,,
August,25,22:00,,,,,,,,,,,,,,,,
August,25,22:30,,,,,,,,,,,,,,,,
August,25,23:00,,,,,,,,,,,,,,,,
August,25,23:30,,,,,,,,,,,,,,,,
August,26,0:00,,,,,,,,,,,,,,,,
August,26,0:30,,,,,,,,,,,,,,,,
August,26,1:00,,,,,,,,,,,,,,,,
August,26,1:30,,,,,,,,,,,,,,,,
August,26,2:00,,,,,,,,,,,,,,,,
August,26,2:30,,,,,,,,,,,,,,,,
August,26,3:00,,,,,,,,,,,,,,,,
August,26,3:30,,,,,,,,,,,,,,,,
August,26,4:00,,,,,,,,,,,,,,,,
August,26,4:30,,,,,,,,,,,,,,,,
August,26,5:00,,,,,,,,,,,,,,,,
August,26,5:30,,,,,,,,,,,,,,,,
August,26,6:00,,,,,,,,,,,,,,,,
August,26,6:30,,,,,,,,,,,,,,,,
August,26,7:00,,,,,,,,,,,,,,,,
August,26,7:30,,,,,,,,,,,,,,,,
August,26,8:00,,,,,,,,,,,,,,,,
August,26,8:30,,,,,,,,,,,,,,,,
August,26,9:00,,,,,,,,,,,,,,,,
August,26,9:30,,,,,,,,,,,,,,,,
August,26,10:00,,,,,,,,,,,,,,,,
August,26,10:30,,,,,,,,,,,,,,,,
August,26,11:00,,,,,,,,,,,,,,,,
August,26,11:30,,,,,,,,,,,,,,,,
August,26,12:00,,,,,,,,,,,,,,,,
August,26,12:30,,,,,,,,,,,,,,,,
August,26,13:00,,,,,,,,,,,,,,,,
August,26,13:30,,,,,,,,,,,,,,,,
August,26,14:00,,,,,,,,,,,,,,,,
August,26,14:30,,,,,,,,,,,,,,,,
August,26,15:00,,,,,,,,,,,,,,,,
August,26,15:30,,,,,,,,,,,,,,,,
August,26,16:00,,,,,,,,,,,,,,,,
August,26,16:30,,,,,,,,,,,,,,,,
August,26,17:00,,,,,,,,,,,,,,,,
August,26,17:30,,,,,,,,,,,,,,,,
August,26,18:00,,,,,,,,,,,,,,,,
August,26,18:30,,,,,,,,,,,,,,,,
August,26,19:00,,,,,,,,,,,,,,,,
August,26,19:30,,,,,,,,,,,,,,,,
August,26,20:00,,,,,,,,,,,,,,,,
August,26,20:30,,,,,,,,,,,,,,,,
August,26,21:00,,,,,,,,,,,,,,,,
August,26,21:30,,,,,,,,,,,,,,,,
August,26,22:00,,,,,,,,,,,,,,,,
August,26,22:30,,,,,,,,,,,,,,,,
August,26,23:00,,,,,,,,,,,,,,,,
August,26,23:30,,,,,,,,,,,,,,,,
August,27,0:00,,,,,,,,,,,,,,,,
August,27,0:30,,,,,,,,,,,,,,,,
August,27,1:00,,,,,,,,,,,,,,,,
August,27,1:30,,,,,,,,,,,,,,,,
August,27,2:00,,,,,,,,,,,,,,,,
August,27,2:30,,,,,,,,,,,,,,,,
August,27,3:00,,,,,,,,,,,,,,,,
August,27,3:30,,,,,,,,,,,,,,,,
August,27,4:00,,,,,,,,,,,,,,,,
August,27,4:30,,,,,,,,,,,,,,,,
August,27,5:00,,,,,,,,,,,,,,,,
August,27,5:30,,,,,,,,,,,,,,,,
August,27,6:00,,,,,,,,,,,,,,,,
August,27,6:30,,,,,,,,,,,,,,,,
August,27,7:00,,,,,,,,,,,,,,,,
August,27,7:30,,,,,,,,,,,,,,,,
August,27,8:00,,,,,,,,,,,,,,,,
August,27,8:30,,,,,,,,,,,,,,,,
August,27,9:00,,,,,,,,,,,,,,,,
August,27,9:30,,,,,,,,,,,,,,,,
August,27,10:00,,,,,,,,,,,,,,,,
August,27,10:30,,,,,,,,,,,,,,,,
August,27,11:00,,,,,,,,,,,,,,,,
August,27,11:30,,,,,,,,,,,,,,,,
August,27,12:00,,,,,,,,,,,,,,,,
August,27,12:30,,,,,,,,,,,,,,,,
August,27,13:00,,,,,,,,,,,,,,,,
August,27,13:30,,,,,,,,,,,,,,,,
August,27,14:00,,,,,,,,,,,,,,,,
August,27,14:30,,,,,,,,,,,,,,,,
August,27,15:00,,,,,,,,,,,,,,,,
August,27,15:30,,,,,,,,,,,,,,,,
August,27,16:00,,,,,,,,,,,,,,,,
August,27,16:30,,,,,,,,,,,,,,,,
August,27,17:00,,,,,,,,,,,,,,,,
August,27,17:30,,,,,,,,,,,,,,,,
August,27,18:00,,,,,,,,,,,,,,,,
August,27,18:30,,,,,,,,,,,,,,,,
August,27,19:00,,,,,,,,,,,,,,,,
August,27,19:30,,,,,,,,,,,,,,,,
August,27,20:00,,,,,,,,,,,,,,,,
August,27,20:30,,,,,,,,,,,,,,,,
August,27,21:00,,,,,,,,,,,,,,,,
August,27,21:30,,,,,,,,,,,,,,,,
August,27,22:00,,,,,,,,,,,,,,,,
August,27,22:30,,,,,,,,,,,,,,,,
August,27,23:00,,,,,,,,,,,,,,,,
August,27,23:30,,,,,,,,,,,,,,,,
August,28,0:00,,,,,,,,,,,,,,,,
August,28,0:30,,,,,,,,,,,,,,,,
August,28,1:00,,,,,,,,,,,,,,,,
August,28,1:30,,,,,,,,,,,,,,,,
August,28,2:00,,,,,,,,,,,,,,,,
August,28,2:30,,,,,,,,,,,,,,,,
August,28,3:00,,,,,,,,,,,,,,,,
August,28,3:30,,,,,,,,,,,,,,,,
August,28,4:00,,,,,,,,,,,,,,,,
August,28,4:30,,,,,,,,,,,,,,,,
August,28,5:00,,,,,,,,,,,,,,,,
August,28,5:30,,,,,,,,,,,,,,,,
August,28,6:00,,,,,,,,,,,,,,,,
August,28,6:30,,,,,,,,,,,,,,,,
August,28,7:00,,,,,,,,,,,,,,,,
August,28,7:30,,,,,,,,,,,,,,,,
August,28,8:00,,,,,,,,,,,,,,,,
August,28,8:30,,,,,,,,,,,,,,,,
August,28,9:00,,,,,,,,,,,,,,,,
August,28,9:30,,,,,,,,,,,,,,,,
August,28,10:00,,,,,,,,,,,,,,,,
August,28,10:30,,,,,,,,,,,,,,,,
August,28,11:00,,,,,,,,,,,,,,,,
August,28,11:30,,,,,,,,,,,,,,,,
August,28,12:00,,,,,,,,,,,,,,,,
August,28,12:30,,,,,,,,,,,,,,,,
August,28,13:00,,,,,,,,,,,,,,,,
August,28,13:30,,,,,,,,,,,,,,,,
August,28,14:00,,,,,,,,,,,,,,,,
August,28,14:30,,,,,,,,,,,,,,,,
August,28,15:00,,,,,,,,,,,,,,,,
August,28,15:30,,,,,,,,,,,,,,,,
August,28,16:00,,,,,,,,,,,,,,,,
August,28,16:30,,,,,,,,,,,,,,,,
August,28,17:00,,,,,,,,,,,,,,,,
August,28,17:30,,,,,,,,,,,,,,,,
August,28,18:00,,,,,,,,,,,,,,,,
August,28,18:30,,,,,,,,,,,,,,,,
August,28,19:00,,,,,,,,,,,,,,,,
August,28,19:30,,,,,,,,,,,,,,,,
August,28,20:00,,,,,,,,,,,,,,,,
August,28,20:30,,,,,,,,,,,,,,,,
August,28,21:00,,,,,,,,,,,,,,,,
August,28,21:30,,,,,,,,,,,,,,,,
August,28,22:00,,,,,,,,,,,,,,,,
August,28,22:30,,,,,,,,,,,,,,,,
August,28,23:00,,,,,,,,,,,,,,,,
August,28,23:30,,,,,,,,,,,,,,,,
August,29,0:00,,,,,,,,,,,,,,,,
August,29,0:30,,,,,,,,,,,,,,,,
August,29,1:00,,,,,,,,,,,,,,,,
August,29,1:30,,,,,,,,,,,,,,,,
August,29,2:00,,,,,,,,,,,,,,,,
August,29,2:30,,,,,,,,,,,,,,,,
August,29,3:00,,,,,,,,,,,,,,,,
August,29,3:30,,,,,,,,,,,,,,,,
August,29,4:00,,,,,,,,,,,,,,,,
August,29,4:30,,,,,,,,,,,,,,,,
August,29,5:00,,,,,,,,,,,,,,,,
August,29,5:30,,,,,,,,,,,,,,,,
August,29,6:00,,,,,,,,,,,,,,,,
August,29,6:30,,,,,,,,,,,,,,,,
August,29,7:00,,,,,,,,,,,,,,,,
August,29,7:30,,,,,,,,,,,,,,,,
August,29,8:00,,,,,,,,,,,,,,,,
August,29,8:30,,,,,,,,,,,,,,,,
August,29,9:00,,,,,,,,,,,,,,,,
August,29,9:30,,,,,,,,,,,,,,,,
August,29,10:00,,,,,,,,,,,,,,,,
August,29,10:30,,,,,,,,,,,,,,,,
August,29,11:00,,,,,,,,,,,,,,,,
August,29,11:30,,,,,,,,,,,,,,,,
August,29,12:00,,,,,,,,,,,,,,,,
August,29,12:30,,,,,,,,,,,,,,,,
August,29,13:00,,,,,,,,,,,,,,,,
August,29,13:30,,,,,,,,,,,,,,,,
August,29,14:00,,,,,,,,,,,,,,,,
August,29,14:30,,,,,,,,,,,,,,,,
August,29,15:00,,,,,,,,,,,,,,,,
August,29,15:30,,,,,,,,,,,,,,,,
August,29,16:00,,,,,,,,,,,,,,,,
August,29,16:30,,,,,,,,,,,,,,,,
August,29,17:00,,,,,,,,,,,,,,,,
August,29,17:30,,,,,,,,,,,,,,,,
August,29,18:00,,,,,,,,,,,,,,,,
August,29,18:30,,,,,,,,,,,,,,,,
August,29,19:00,,,,,,,,,,,,,,,,
August,29,19:30,,,,,,,,,,,,,,,,
August,29,20:00,,,,,,,,,,,,,,,,
August,29,20:30,,,,,,,,,,,,,,,,
August,29,21:00,,,,,,,,,,,,,,,,
August,29,21:30,,,,,,,,,,,,,,,,
August,29,22:00,,,,,,,,,,,,,,,,
August,29,22:30,,,,,,,,,,,,,,,,
August,29,23:00,,,,,,,,,,,,,,,,
August,29,23:30,,,,,,,,,,,,,,,,
August,30,0:00,,,,,,,,,,,,,,,,
August,30,0:30,,,,,,,,,,,,,,,,
August,30,1:00,,,,,,,,,,,,,,,,
August,30,1:30,,,,,,,,,,,,,,,,
August,30,2:00,,,,,,,,,,,,,,,,
August,30,2:30,,,,,,,,,,,,,,,,
August,30,3:00,,,,,,,,,,,,,,,,
August,30,3:30,,,,,,,,,,,,,,,,
August,30,4:00,,,,,,,,,,,,,,,,
August,30,4:30,,,,,,,,,,,,,,,,
August,30,5:00,,,,,,,,,,,,,,,,
August,30,5:30,,,,,,,,,,,,,,,,
August,30,6:00,,,,,,,,,,,,,,,,
August,30,6:30,,,,,,,,,,,,,,,,
August,30,7:00,,,,,,,,,,,,,,,,
August,30,7:30,,,,,,,,,,,,,,,,
August,30,8:00,,,,,,,,,,,,,,,,
August,30,8:30,,,,,,,,,,,,,,,,
August,30,9:00,,,,,,,,,,,,,,,,
August,30,9:30,,,,,,,,,,,,,,,,
August,30,10:00,,,,,,,,,,,,,,,,
August,30,10:30,,,,,,,,,,,,,,,,
August,30,11:00,,,,,,,,,,,,,,,,
August,30,11:30,,,,,,,,,,,,,,,,
August,30,12:00,,,,,,,,,,,,,,,,
August,30,12:30,,,,,,,,,,,,,,,,
August,30,13:00,,,,,,,,,,,,,,,,
August,30,13:30,,,,,,,,,,,,,,,,
August,30,14:00,,,,,,,,,,,,,,,,
August,30,14:30,,,,,,,,,,,,,,,,
August,30,15:00,,,,,,,,,,,,,,,,
August,30,15:30,,,,,,,,,,,,,,,,
August,30,16:00,,,,,,,,,,,,,,,,
August,30,16:30,,,,,,,,,,,,,,,,
August,30,17:00,,,,,,,,,,,,,,,,
August,30,17:30,,,,,,,,,,,,,,,,
August,30,18:00,,,,,,,,,,,,,,,,
August,30,18:30,,,,,,,,,,,,,,,,
August,30,19:00,,,,,,,,,,,,,,,,
August,30,19:30,,,,,,,,,,,,,,,,
August,30,20:00,,,,,,,,,,,,,,,,
August,30,20:30,,,,,,,,,,,,,,,,
August,30,21:00,,,,,,,,,,,,,,,,
August,30,21:30,,,,,,,,,,,,,,,,
August,30,22:00,,,,,,,,,,,,,,,,
August,30,22:30,,,,,,,,,,,,,,,,
August,30,23:00,,,,,,,,,,,,,,,,
August,30,23:30,,,,,,,,,,,,,,,,
August,31,0:00,,,,,,,,,,,,,,,,
August,31,0:30,,,,,,,,,,,,,,,,
August,31,1:00,,,,,,,,,,,,,,,,
August,31,1:30,,,,,,,,,,,,,,,,
August,31,2:00,,,,,,,,,,,,,,,,
August,31,2:30,,,,,,,,,,,,,,,,
August,31,3:00,,,,,,,,,,,,,,,,
August,31,3:30,,,,,,,,,,,,,,,,
August,31,4:00,,,,,,,,,,,,,,,,
August,31,4:30,,,,,,,,,,,,,,,,
August,31,5:00,,,,,,,,,,,,,,,,
August,31,5:30,,,,,,,,,,,,,,,,
August,31,6:00,,,,,,,,,,,,,,,,
August,31,6:30,,,,,,,,,,,,,,,,
August,31,7:00,,,,,,,,,,,,,,,,
August,31,7:30,,,,,,,,,,,,,,,,
August,31,8:00,,,,,,,,,,,,,,,,
August,31,8:30,,,,,,,,,,,,,,,,
August,31,9:00,,,,,,,,,,,,,,,,
August,31,9:30,,,,,,,,,,,,,,,,
August,31,10:00,,,,,,,,,,,,,,,,
August,31,10:30,,,,,,,,,,,,,,,,
August,31,11:00,,,,,,,,,,,,,,,,
August,31,11:30,,,,,,,,,,,,,,,,
August,31,12:00,,,,,,,,,,,,,,,,
August,31,12:30,,,,,,,,,,,,,,,,
August,31,13:00,,,,,,,,,,,,,,,,
August,31,13:30,,,,,,,,,,,,,,,,
August,31,14:00,,,,,,,,,,,,,,,,
August,31,14:30,,,,,,,,,,,,,,,,
August,31,15:00,,,,,,,,,,,,,,,,
August,31,15:30,,,,,,,,,,,,,,,,
August,31,16:00,,,,,,,,,,,,,,,,
August,31,16:30,,,,,,,,,,,,,,,,
August,31,17:00,,,,,,,,,,,,,,,,
August,31,17:30,,,,,,,,,,,,,,,,
August,31,18:00,,,,,,,,,,,,,,,,
August,31,18:30,,,,,,,,,,,,,,,,
August,31,19:00,,,,,,,,,,,,,,,,
August,31,19:30,,,,,,,,,,,,,,,,
August,31,20:00,,,,,,,,,,,,,,,,
August,31,20:30,,,,,,,,,,,,,,,,
August,31,21:00,,,,,,,,,,,,,,,,
August,31,21:30,,,,,,,,,,,,,,,,
August,31,22:00,,,,,,,,,,,,,,,,
August,31,22:30,,,,,,,,,,,,,,,,
August,31,23:00,,,,,,,,,,,,,,,,
August,31,23:30,,,,,,,,,,,,,,,,